time_bucket_start,messages
0.0,3
0.2,12
0.4,24
0.6000000000000001,33
0.8,24
1.0,9
1.2000000000000002,3
