time_bucket_start,messages
0.0,3
0.2,0
0.4,9
0.6000000000000001,4
0.8,29
1.0,18
1.2000000000000002,24
1.4000000000000001,14
1.6,13
1.8,1
2.0,5
