name,hosts,bw,delay,loss,success,nodes_delivered,convergence_sec
fanout1,20,10,10ms,0,1,7,1.25677799
fanout2,20,10,10ms,0,1,16,1.251936995
fanout3,20,10,10ms,0,1,19,0.849788513
fanout4,20,10,10ms,0,1,20,0.654238261
fanout5,20,10,10ms,0,1,20,0.650810548
