name,hosts,bw,delay,loss,success,nodes_delivered,convergence_sec
f1,20,10,10ms,0,1,5,0.838963627
f2,20,10,10ms,0,1,15,1.048336961
f3,20,10,10ms,0,1,20,1.049119911
f4,20,10,10ms,0,1,20,0.652616205
flog,20,10,10ms,0,1,20,0.650995268
