time_bucket_start,messages
0.0,3
0.2,12
0.4,33
0.6000000000000001,67
0.8,71
1.0,36
1.2000000000000002,6
