time_bucket_start,messages
0.0,2
0.2,6
0.4,12
0.6000000000000001,20
0.8,26
1.0,28
1.2000000000000002,20
1.4000000000000001,12
1.6,6
