name,hosts,bw,delay,loss,success,nodes_delivered,convergence_sec
n5,5,10,10ms,0,1,5,0.647765913
n10,10,10,10ms,0,1,10,1.058337124
n20,20,10,10ms,0,1,19,1.252197693
n30,30,10,10ms,0,1,26,1.644683572
n40,40,10,10ms,0,1,33,1.447443772
n50,50,10,10ms,0,1,40,1.646596885
