time_bucket_start,messages
0.0,12
0.2,48
0.4,120
0.6000000000000001,205
0.8,152
1.0,45
1.2000000000000002,6
