time_bucket_start,messages
0.0,3
0.2,4
0.4,8
0.6000000000000001,21
0.8,16
1.0,12
1.2000000000000002,13
1.4000000000000001,8
1.6,3
