time_bucket_start,messages
0.0,2
0.2,6
0.4,12
0.6000000000000001,18
0.8,14
1.0,6
1.2000000000000002,2
