time_bucket_start,messages
0.0,3
0.2,12
0.4,33
0.6000000000000001,72
0.8,87
1.0,52
1.2000000000000002,20
1.4000000000000001,3
