time_bucket_start,messages
0.0,2
0.2,6
0.4,12
0.6000000000000001,20
0.8,28
1.0,28
1.2000000000000002,22
1.4000000000000001,20
1.6,16
1.8,6
