time_bucket_start,messages
0.0,6
0.2,14
0.4,20
0.6000000000000001,28
0.8,39
1.0,61
1.2000000000000002,56
1.4000000000000001,18
1.6,4
1.8,2
