time_bucket_start,messages
0.0,2
0.2,6
0.4,10
0.6000000000000001,12
0.8,12
1.0,16
1.2000000000000002,18
1.4000000000000001,16
1.6,10
1.8,2
