time_bucket_start,messages
0.0,3
0.2,12
0.4,36
0.6000000000000001,57
0.8,39
1.0,12
1.2000000000000002,6
1.4000000000000001,3
