time_bucket_start,messages
0.0,3
0.2,12
0.4,30
0.6000000000000001,36
0.8,24
1.0,12
1.2000000000000002,3
