time_bucket_start,messages
0.0,2
0.2,2
0.4,2
0.6000000000000001,2
0.8,2
1.0,4
1.2000000000000002,3
1.4000000000000001,1
