time_bucket_start,messages
0.0,2
0.2,6
0.4,10
0.6000000000000001,10
0.8,6
1.0,4
1.2000000000000002,2
