time_bucket_start,messages
0.0,6
0.2,21
0.4,73
0.6000000000000001,233
0.8,470
1.0,283
1.2000000000000002,48
1.4000000000000001,3
