time_bucket_start,messages
0.0,3
0.2,12
0.4,30
0.6000000000000001,39
0.8,21
1.0,9
1.2000000000000002,6
